source,keywords,link
Country Dance Lessons Victoria | Arthur Murray Dance Studio Victoria,2-step,https://victoriaarthurmurray.com/country-dance-lessons-victoria
Bachata Victoria BC (@bachatavictoria) • Instagram photos and videos,bachata,https://www.instagram.com/bachatavictoria/
Profile for Bachata Kiz Salsa Victoria BC Dance,bachata,https://www.facebook.com/BaKiSaDance/
Salsa Moderna - Victoria,bachata,https://latinvictoria.ca/
Bachata Victoria BC | See you this Friday at Bachata Nights Date ...,bachata,https://www.instagram.com/bachatavictoria/p/DDX2ly9Tx5D/
6th Victoria International Kizomba Fest: Sensual Edition: Bachata ...,bachata,https://www.eventbrite.com/e/6th-victoria-international-kizomba-fest-sensual-edition-bachata-kizomba-tickets-887280528947
Latin Dance Canada: Homepage,bachata,https://latindancecanada.com/
Alysha Kopala - Event Organizer - Bachata Nights Victoria | LinkedIn,bachata,https://ca.linkedin.com/in/alysha-kopala-35a44a15b
"Dance Schools Salsa in Victoria, BC, Canada | Danceplace",bachata,https://www.danceplace.com/schools/in/Salsa/Canada/Victoria_+BC
"Intermediate Sensual Bachata Workshop, Method Studio - Victoria ...",bachata,https://allevents.in/victoria/intermediate-sensual-bachata-workshop/200027937920024
Victoria Balboa,balboa,https://www.facebook.com/groups/105613516148561/
"Strictly Lindy Hop Swing Vancouver, BC",balboa,https://www.facebook.com/groups/strictlylindy/
Hello Victoria! We recently moved to the area and are looking for ...,cha cha,https://www.facebook.com/groups/2221001156/posts/10159101752271157/
Arthur Murray Victoria: Ballroom Dance Lessons,cha cha,https://victoriaarthurmurray.com/
Hello Victoria! We recently moved to the area and are looking for ...,cha cha cha,https://www.facebook.com/groups/2221001156/posts/10159101752271157/
Arthur Murray Victoria: Ballroom Dance Lessons,cha cha cha,https://victoriaarthurmurray.com/
Country Dance Lessons Victoria | Arthur Murray Dance Studio Victoria,country waltz,https://victoriaarthurmurray.com/country-dance-lessons-victoria
The Victoria English Ball,country waltz,https://vecds.bc.ca/wp-content/uploads/2023/04/Balls-through-the-years-2011-2019.pdf
Jam Tunes | Victoria Fiddle Society,country waltz,https://www.victoriafiddlesociety.com/jam-tunes/
JMMF | Royal Scottish Country Dance Society,country waltz,https://rscds.org/about/donate/jmmf
Waltz Dance Studios - The Dance Studio Finder,country waltz,https://thedancestudiofinder.com/dance-studios/categories/waltz/
Victoria International Kizomba Festival 6th: SENSUAL EDITION,douceur,https://m.facebook.com/events/7500976340009306/
"VIKFest 2025, JOIN THE EXCELLENCE!!!!!✅️ THE BEST of VIKF ...",douceur,https://www.facebook.com/groups/kelownasbk/posts/9489387621100837/
VIKF 6TH EDITION: GENERAL PLANNING️ The general ...,douceur,https://www.instagram.com/vic_international_kizomba_fest/p/DFtUnMuyZ5b/
6th Victoria International Kizomba Fest: Sensual Edition: Bachata ...,douceur,https://www.eventbrite.com/e/6th-victoria-international-kizomba-fest-sensual-edition-bachata-kizomba-tickets-887280528947
Victoria International Kizomba Festival 6th Edition - Afro-Latin ...,douceur,https://alces.world/event/victoria-international-kizomba-festival-6th-edition/
Red Hot Swing - Victoria,east coast swing,https://www.redhotswing.com/
"Strictly Lindy Hop Swing Vancouver, BC",east coast swing,https://www.facebook.com/groups/strictlylindy/
Sunshine Coast BC Swing Dance,east coast swing,https://www.facebook.com/groups/SCSwingDance/
6th Victoria International Kizomba Fest: Sensual Edition: Bachata ...,kizomba,https://www.eventbrite.com/e/6th-victoria-international-kizomba-fest-sensual-edition-bachata-kizomba-tickets-887280528947
Victoria Kizomba Lovers Group,kizomba,https://www.facebook.com/groups/1634269246863069/
"Victoria International Kizomba Festival 5th Edition Tickets, Thu, 28 ...",kizomba,https://www.eventbrite.com/e/victoria-international-kizomba-festival-5th-edition-tickets-650545909327
Profile for Kizomba Victoria BC,kizomba,https://www.facebook.com/KizombaVictoriaBC/
Victoria International KizombaFestival ...,kizomba,https://www.instagram.com/vic_international_kizomba_fest/
Victoria International Kizomba Festival 6th: SENSUAL EDITION,kizomba,https://m.facebook.com/events/7500976340009306/
GREAT DANCERS COMING TO THE VICTORIA INTERNATIONAL ...,kizomba,https://kizombaembassy.com/event/victoria-international-kizomba-festival/
"Victoria International Kizomba Festival 2025, Victoria, BC Canada ...",kizomba,https://www.danceplace.com/index/no/14580/Victoria+International+Kizomba+Festival-2025-Victoria_+BC-Canada-Kizomba+Dance+event
Featured Featured Events from March 13 – March 27 – Afro-Latin ...,kizomba,https://alces.world/events/list/featured/?shortcode=758c7f2c
VICTORIA INTERNATIONAL KIZOMBA FESTIVAL | Visitor In Victoria,kizomba,https://visitorinvictoria.ca/victoria-international-kizomba-festival/
"Strictly Lindy Hop Swing Vancouver, BC",lindy,https://www.facebook.com/groups/strictlylindy/
Swing Victoria - Victoria Lindy Exchange,lindy,https://www.swingvictoria.net/events/victoria-lindy-exchange
"Profile for Red Hot Swing - Lindy Hop in Victoria, BC",lindy,https://www.facebook.com/RedHotSwing/
"Profile for Red Hot Swing - Lindy Hop in Victoria, BC",lindy hop,https://www.facebook.com/RedHotSwing/
Red Hot Swing - Victoria,lindy hop,https://www.redhotswing.com/
Victoria Lindy Hop & Beyond,lindy hop,https://www.facebook.com/groups/169950979714465/
Nicole Heron - UBC Faculty of Medicine,lindy hop,https://www.med.ubc.ca/student-profiles/nicole-heron-2/
Dance Class Suggestions etc : r/VictoriaBC,lindy hop,https://www.reddit.com/r/VictoriaBC/comments/16xpl6q/dance_class_suggestions_etc/
Swing Dance Association of Victoria,lindy hop,https://www.swingvictoria.net/
"Rainy day walk by Elk Lake and since there were few on the trail, I ...",lindy hop,https://www.instagram.com/angelaverbrugge/p/DGaDuu4Nk6m/
Swing Victoria - Victoria Lindy Exchange,lindy hop,https://www.swingvictoria.net/events/victoria-lindy-exchange
How to Sail to Mexico from the Pacific Northwest - Currents ...,lindy hop,https://currents.bluewatercruising.org/articles/how-to-sail-to-mexico-from-the-pacific-northwest/
Swing Victoria - Where to Swing Dance in Victoria,lindy hop,https://www.swingvictoria.net/faq/where-to-swing-dance-in-victoria
"Line Dancing in Victoria, British Columbia, Canada: Joe & Cindy ...",line dance,https://linedancingvictoria.wordpress.com/
Country Dance Lessons Victoria | Arthur Murray Dance Studio Victoria,line dance,https://victoriaarthurmurray.com/country-dance-lessons-victoria
About Nuline Line Dancing – Joe & Cindy Archer,line dance,https://linedancingvictoria.wordpress.com/line-dancing/
"TOP 10 BEST Line Dancing in Victoria, BC - Updated 2025 - Yelp",line dance,https://www.yelp.ca/search?find_desc=Line+Dancing&find_loc=Victoria%2C+BC
Bi-Weekly Free Line Dancing Lessons,line dance,https://www.facebook.com/events/the-duke-saloon/bi-weekly-free-line-dancing-lessons/284117448595473/
Canada | Nuline Dance | Line Dancing and Other Dances,line dance,https://www.nulinedance.com/my-classes/canada/
Profile for Harvest Moon Line Dance Festival,line dance,https://www.facebook.com/HarvestMoonLineDance/
Anyone in Victoria BC know where young party people hang out ...,line dance,https://www.reddit.com/r/VictoriaBC/comments/1anqssx/anyone_in_victoria_bc_know_where_young_party/
Alive Tango Victoria – Argentine Tango in Victoria BC,milonga,https://alivetangovictoria.ca/
Tango Pacifico Milonga – Alive Tango Victoria,milonga,http://alivetangovictoria.ca/events/tango-pacifico-milonga/
Profile for Victoria Tango Marathon,milonga,https://www.facebook.com/victoriatangomarathon/
"John SANDERS Obituary (June 18, 1938 - Victoria, BC",milonga,https://www.legacy.com/ca/obituaries/timescolonist/name/john-sanders-obituary?id=40095957
Alive Tango Victoria,milonga,https://www.facebook.com/groups/alivetango/
Paparazzi Night Club (2025) - All You Need to Know BEFORE You ...,night club,https://www.tripadvisor.com/Attraction_Review-g154945-d4555566-Reviews-Paparazzi_Night_Club-Victoria_Victoria_Capital_Regional_District_Vancouver_Island.html
What's the deal with Paparazzi Nightclub these days? Is it no longer ...,night club,https://www.reddit.com/r/VictoriaBC/comments/11t6lks/whats_the_deal_with_paparazzi_nightclub_these/
"Paparazzi Nightclub (@paparazzinightclubvictoria) · Victoria, BC",night club,https://www.instagram.com/paparazzinightclubvictoria/?hl=en
Ok people ... what about NY NY nightclub on Yates? Anyone have ...,night club,https://www.facebook.com/groups/312703430332/posts/10161993916275333/
"The Capital Ballroom • Capital Ballroom, previously known as Sugar ...",night club,https://thecapitalballroom.com/
Paparazzi Night Club (2025) - All You Need to Know BEFORE You ...,nite club,https://www.tripadvisor.com/Attraction_Review-g154945-d4555566-Reviews-Paparazzi_Night_Club-Victoria_Victoria_Capital_Regional_District_Vancouver_Island.html
"Paparazzi Nightclub (@paparazzinightclubvictoria) · Victoria, BC",nite club,https://www.instagram.com/paparazzinightclubvictoria/?hl=en
Ok people ... what about NY NY nightclub on Yates? Anyone have ...,nite club,https://www.facebook.com/groups/312703430332/posts/10161993916275333/
"TOP 10 BEST Night Clubs in Victoria, BC - Updated 2025 - Yelp",nite club,https://www.yelp.com/search?find_desc=Night+Clubs&find_loc=Victoria%2C+BC
What's the deal with Paparazzi Nightclub these days? Is it no longer ...,nite club 2,https://www.reddit.com/r/VictoriaBC/comments/11t6lks/whats_the_deal_with_paparazzi_nightclub_these/
Paparazzi Night Club (2025) - All You Need to Know BEFORE You ...,nite club 2,https://www.tripadvisor.com/Attraction_Review-g154945-d4555566-Reviews-Paparazzi_Night_Club-Victoria_Victoria_Capital_Regional_District_Vancouver_Island.html
Paparazzi Night Club (2025) - All You Need to Know BEFORE You ...,nite club two,https://www.tripadvisor.com/Attraction_Review-g154945-d4555566-Reviews-Paparazzi_Night_Club-Victoria_Victoria_Capital_Regional_District_Vancouver_Island.html
Dance Praktika,quickstep,https://m.facebook.com/61564813876208/
Paso Doble Dance Studios - The Dance Studio Finder,quickstep,https://thedancestudiofinder.com/dance-studios/categories/paso-doble/
Bronze 4 – Victoria Ballroom Dance Society,quickstep,https://vbds.org/events/bronze-4-2025-03-13/
Victoria Ballroom Dance Society – VBDS,quickstep,https://vbds.org/
Profile for Victoria Viva la Fiesta,rhumba,https://www.facebook.com/people/Victoria-Viva-la-Fiesta/61553917640310/
Jesse Cook | My Global Event Reports,rhumba,https://myglobaleventreports.wordpress.com/tag/jesse-cook/
Rumba Dance Studios - The Dance Studio Finder,rhumba,https://thedancestudiofinder.com/dance-studios/categories/rumba/
Festivals - The Dance Centre,rhumba,https://thedancecentre.ca/bc-dance-directory/festivals/
Profile for Victoria Viva la Fiesta,rumba,https://www.facebook.com/people/Victoria-Viva-la-Fiesta/61553917640310/
Jesse Cook | My Global Event Reports,rumba,https://myglobaleventreports.wordpress.com/tag/jesse-cook/
Rumba Dance Studios - The Dance Studio Finder,rumba,https://thedancestudiofinder.com/dance-studios/categories/rumba/
Profile for Salsa dances etc. - Victoria BC,salsa,https://www.facebook.com/salsadancevictoriabc/
Hello Victoria! We recently moved to the area and are looking for ...,salsa,https://www.facebook.com/groups/2221001156/posts/10159101752271157/
Bachata Victoria BC (@bachatavictoria) • Instagram photos and videos,salsa,https://www.instagram.com/bachatavictoria/
Bachata Victoria BC | See you this Friday at Bachata Nights Date ...,salsa,https://www.instagram.com/bachatavictoria/p/DDX2ly9Tx5D/
Salsa Caliente,salsa,https://calientedance.com/about-us/
Latin Dance Canada: Homepage,salsa,https://latindancecanada.com/
"Discover Salsa Events & Activities in Victoria, Canada | Eventbrite",salsa,https://www.eventbrite.ca/d/canada--victoria/salsa/
Dance Praktika,samba,https://m.facebook.com/61564813876208/
Victoria vs Vancouver? : r/VictoriaBC,samba,https://www.reddit.com/r/VictoriaBC/comments/enkjn/victoria_vs_vancouver/
"The Best Belly Dancers for Hire in Victoria, BC | GigSalad",samba,https://www.gigsalad.com/Dance/Belly-Dancer/BC/Victoria
A Night of Classic Swing and Brazilian Jazz with The RoseBuds ...,samba,https://allevents.in/victoria/a-night-of-classic-swing-and-brazilian-jazz-with-the-rosebuds-and-samba-e-sol/200027921690822
Victoria Kizomba Lovers Group,semba,https://www.facebook.com/groups/1634269246863069/
Victoria International Kizomba Festival 6th: SENSUAL EDITION,semba,https://m.facebook.com/events/7500976340009306/
Profile for Kizomba Victoria BC,semba,https://www.facebook.com/KizombaVictoriaBC/
Go where you are celebrated. Where you feel like celebrating. Find ...,semba,https://www.instagram.com/ashbylaine/p/C7R4JGPucXz/go-where-you-are-celebratedwhere-you-feel-like-celebrating-find-more-and-more-to/
Featured Featured Events from March 13 – March 27 – Afro-Latin ...,semba,https://alces.world/events/list/featured/?shortcode=758c7f2c
VIKF 6TH EDITION: GENERAL PLANNING️ The general ...,semba,https://www.instagram.com/vic_international_kizomba_fest/p/DFtUnMuyZ5b/
All your dance events in one freaking place! | WhereCanWeDance ...,semba,https://www.wherecanwedance.com/event_types/festival
All your dance events in one freaking place! | WhereCanWeDance ...,semba,https://wherecanwedance.com/event_frequencies/annual
Red Hot Swing - Victoria,swing,https://www.redhotswing.com/
Swing Victoria,swing,https://www.swingvictoria.net/
Alive Tango Victoria – Argentine Tango in Victoria BC,tango,https://alivetangovictoria.ca/
Alive Tango Victoria,tango,https://www.facebook.com/groups/alivetango/
Victoria Tango Marathon – April 11-13 2025,tango,https://victoriatangomarathon.com/
Alive Tango Victoria (@alivetangovictoria) • Instagram photos and ...,tango,https://www.instagram.com/alivetangovictoria/
"Places to Dance Argentine Tango in Victoria, BC, Canada ...",tango,https://www.danceplace.com/places/in/Argentine+Tango/Canada/Victoria_+BC
Kizomba Victoria,tarraxa,https://www.facebook.com/groups/265269613666246/
#herbodyherchoice | TikTok,tarraxa,https://www.tiktok.com/tag/herbodyherchoice?lang=en
Salsa Dancing Events in Spain - Latin Dance Calendar,tarraxa,https://latindancecalendar.com/events/location/spain/
Salsa Dancing Events in Europe,tarraxa,https://latindancecalendar.com/events/location/europe/
"Salsa Dancing Events in Barcelona, Spain - Latin Dance Calendar",tarraxa,https://latindancecalendar.com/events/location/barcelona-spain/
AUDI & LAURA SPECIAL TRAINING PROGRAM LEVEL UP ...,tarraxinha,https://www.instagram.com/vic_international_kizomba_fest/p/C3Vy_4nvgmP/
Victoria International Kizomba Festival 6th: SENSUAL EDITION,tarraxinha,https://m.facebook.com/events/7500976340009306/
"VIKFest 2025, JOIN THE EXCELLENCE!!!!!✅️ THE BEST of VIKF ...",tarraxinha,https://www.facebook.com/groups/kelownasbk/posts/9489387621100837/
6th Victoria International Kizomba Fest: Sensual Edition: Bachata ...,tarraxinha,https://www.eventbrite.com/e/6th-victoria-international-kizomba-fest-sensual-edition-bachata-kizomba-tickets-887280528947
Victoria Viva la Fiesta,tarraxinha,https://www.facebook.com/groups/1744359399094119/
Victoria International Kizomba Festival 6th Edition - Afro-Latin ...,tarraxinha,https://alces.world/event/victoria-international-kizomba-festival-6th-edition/
"Victoria International Kizomba Festival 2025, Victoria, BC Canada ...",tarraxinha,https://www.danceplace.com/index/no/14580/Victoria+International+Kizomba+Festival-2025-Victoria_+BC-Canada-Kizomba+Dance+event
About Us - Afro-Latin Cultural Exchange Society,tarraxinha,https://alces.world/about-us/
https://facebook.com/events/s/vancouver-tarraxo-weekender-wi ...,tarraxo,https://www.facebook.com/groups/vancitykizomba/posts/httpsfacebookcomeventssvancouver-tarraxo-weekender-wi1077103830610102/2062520237502532/
"Urbankiz & Tarraxo Workshops with Mike Ahombi, Ukrainian ...",tarraxo,https://allevents.in/victoria/urbankiz-and-tarraxo-workshops-with-mike-ahombi/200027854470525
"Past Events from March 21, 2023 – July 30, 2022 – Afro-Latin ...",tarraxo,https://alces.world/events/list/?shortcode=758c7f2c&eventDisplay=past
AUDI & LAURA SPECIAL TRAINING PROGRAM LEVEL UP ...,tarraxo,https://www.instagram.com/vic_international_kizomba_fest/p/C3Vy_4nvgmP/
Victoria International Kizomba Festival 6th: SENSUAL EDITION,tarraxo,https://m.facebook.com/events/7500976340009306/
All your dance events in one freaking place! | WhereCanWeDance ...,tarraxo,https://wherecanwedance.com/event_frequencies/annual
All your dance events in one freaking place! | WhereCanWeDance ...,tarraxo,https://www.wherecanwedance.com/event_types/festival
"Victoria International Kizomba Festival 5th Edition Tickets, Thu, 28 ...",tarraxo,https://www.eventbrite.com/e/victoria-international-kizomba-festival-5th-edition-tickets-650545909327
All your dance events in one freaking place! | WhereCanWeDance ...,tarraxo,https://www.wherecanwedance.com/event_types/congress
GREAT DANCERS COMING TO THE VICTORIA INTERNATIONAL ...,tarraxo,https://kizombaembassy.com/event/victoria-international-kizomba-festival/
Country Dance Lessons Victoria | Arthur Murray Dance Studio Victoria,two step,https://victoriaarthurmurray.com/country-dance-lessons-victoria
Victoria Kizomba Lovers Group,urban kiz,https://www.facebook.com/groups/1634269246863069/
Featured Featured Events from March 13 – March 27 – Afro-Latin ...,urban kiz,https://alces.world/events/list/featured/?shortcode=758c7f2c
"Urbankiz & Tarraxo Workshops with Mike Ahombi, Ukrainian ...",urban kiz,https://allevents.in/victoria/urbankiz-and-tarraxo-workshops-with-mike-ahombi/200027854470525
"Past Events from March 21, 2023 – July 30, 2022 – Afro-Latin ...",urban kiz,https://alces.world/events/list/?shortcode=758c7f2c&eventDisplay=past
Dance Competition In Victoria 2025 | AllEvents.in,urban kiz,https://allevents.in/victoria/dance-competition
All your dance events in one freaking place! | WhereCanWeDance ...,urban kiz,https://wherecanwedance.com/event_frequencies/annual
All your dance events in one freaking place! | WhereCanWeDance ...,urban kiz,https://www.wherecanwedance.com/event_types/festival
"Gauntlet Games Archazias Island Draft, 103-1633 Hillside Ave ...",urban kiz,https://allevents.in/victoria/gauntlet-games-archazias-island-draft/200027941267318
Victoria International Kizomba Festival 6th: SENSUAL EDITION,urban kiz,https://m.facebook.com/events/7500976340009306/
VIKF 6TH EDITION: GENERAL PLANNING️ The general ...,urban kiz,https://www.instagram.com/vic_international_kizomba_fest/p/DFtUnMuyZ5b/
Beginners Waltz and Tango - Dance Victoria,waltz,https://dancevictoria.com/event/beginners-waltz-and-tango/
Malpaso Dance Company | Dance Victoria | April 2023,waltz,https://dancevictoria.com/performance/malpaso/
World-renowned bassist Gary Karr's last waltz - Victoria Times Colonist,waltz,https://www.timescolonist.com/entertainment/world-renowned-bassist-gary-karrs-last-waltz-4642222
Victoria West Coast Swing Collective,wcs,https://www.facebook.com/groups/victoriawestcoastswingcollective/
Victoria West Coast Swing Collective Society,wcs,https://www.victoriawestcoastswing.com/
WCS LESSONS 2025 — Victoria West Coast Swing Collective Society,wcs,https://www.victoriawestcoastswing.com/new-page-3
Victoria West Coast Swing Collective,west coast swing,https://www.facebook.com/groups/victoriawestcoastswingcollective/
Victoria West Coast Swing Collective Society,west coast swing,https://www.victoriawestcoastswing.com/
West Coast Swing – Victoria Ballroom Dance Society,west coast swing,https://vbds.org/dances/west-coast-swing/
Instructors — Victoria West Coast Swing Collective Society,west coast swing,https://www.victoriawestcoastswing.com/instructors
"WCS Lessons, Social Dances, and Conventions – BC Swing Dance ...",west coast swing,https://bcswingdance.ca/index.php/learn-to-dance/
Erica Wienzveg (@ewienzveg) • Instagram photos and videos,west coast swing,https://www.instagram.com/ewienzveg/?hl=en
Red Hot Swing - Victoria,west coast swing,https://www.redhotswing.com/
Nicole Heron - UBC Faculty of Medicine,west coast swing,https://www.med.ubc.ca/student-profiles/nicole-heron-2/
Profile for Zouk Victoria,zouk,https://www.facebook.com/zoukvictoria/
"Victoria International Kizomba Festival 2025, Victoria, BC Canada ...",zouk,https://www.danceplace.com/index/no/14580/Victoria+International+Kizomba+Festival-2025-Victoria_+BC-Canada-Kizomba+Dance+event
Sandro ZK,zouk,https://www.facebook.com/sandrosoncini/
Victoria Viva la Fiesta,zouk,https://www.facebook.com/groups/1744359399094119/
Rick Clark - Project Engineer and Process Improvement Manager ...,zouk,https://ca.linkedin.com/in/rickclark-eit
All your dance events in one freaking place! | WhereCanWeDance ...,zouk,https://www.wherecanwedance.com/event_types/congress
All your dance events in one freaking place! | WhereCanWeDance ...,zouk,https://wherecanwedance.com/event_frequencies/annual
